n,elements,cpu_ms,gpu_ms
64,4096,0.0084,0.335936
128,16384,0.0264,0.385792
256,65536,0.0318,0.450048
512,262144,0.3311,0.692672
